{"cameraMode":{"drawMode":0,"name":"Shaded","section":"Shading Mode"},"sceneLighting":true,"audioPlay":false,"sceneViewState":{"m_AlwaysRefresh":false,"showFog":true,"showSkybox":true,"showFlares":true,"showImageEffects":true,"showParticleSystems":true,"showVisualEffectGraphs":true,"m_FxEnabled":true},"in2DMode":false,"pivot":{"x":-0.9238071441650391,"y":3.2665255069732668,"z":90.7342529296875},"rotation":{"x":-0.012309371493756771,"y":-0.0039026690647006037,"z":0.00004874108708463609,"w":-0.9999217987060547},"size":9.036385536193848,"orthographic":true}